1333735088	69,67,65,68,66,67,70,73,75,72,71,72,72,71,75,77,78,83,85,86,86,89,85,87,86,88,93,93,92,93,92,90
1333735112	44,87,83,79,75,75,73,73,73,77,77,78,80,81,80,78,78,75,74,76,75,73,77,77,76,77,76,77,78,74,74,76
1333735137	76,76,77,78,76,77,78,76,72,73,71,69,68,72,71,73,77,77,76,75,75,71,69,71,69,70,71,73,77,76,78,77
1333735163	75,73,76,74,72,74,73,72,74,75,73,74,76,74,74,78,80,80,80,78,76,75,75,73,75,78,77,76,78,77,75,77
1333735188	76,72,69,73,71,69,72,72,72,75,75,73,73,73,70,70,72,72,72,76,75,74,75,75,72,71,72,71,71,75,74,74
1333735215	77,81,81,84,84,85,88,90,90,31,97,96,93,90,88,81,76,74,75,70,69,72,69,64,64,67,65,63,65,71,69,67
1333735241	66,67,64,61,62,62,61,61,67,67,66,61,63,58,55,57,57,58,62,66,66,63,64,63,65,70,69,35,37,74,75,75
1333735274	25,79,37,73,74,80,77,81,83,82,84,82,81,78,82,82,83,81,78,81,79,40,83,43,85,84,39,67,65,68,71,76
1333735301	79,81,84,85,84,83,82,78,75,36,74,76,77,73,69,69,73,76,39,83,83,83,86,83,42,81,80,78,77,80,83,85
1333735327	83,80,77,74,72,77,77,78,77,77,80,81,82,80,75,17,73,73,77,80,82,84,83,82,84,82,81,78,71,64,63,67
1333735355	65,65,67,70,70,72,72,72,74,74,74,6,61,61,61,65,98,55,68,69,22,12,66,70,70,70,70,69,67,65,62,64
1333735397	62,62,64,64,63,64,32,64,65,62,61,64,66,70,73,72,37,78,79,79,77,75,72,68,67,68,72,71,36,73,72,77
1333735427	77,79,81,83,85,85,87,87,88,88,88,93,91,94,94,45,86,40,77,77,78,73,71,73,75,78,81,80,80,79,79,80
1333735455	16,71,75,75,76,76,76,78,80,82,84,85,86,89,84,78,74,70,66,68,72,72,76,82,82,82,82,80,76,73,73,24
1333735484	15,84,83,84,86,88,86,83,40,78,78,80,79,78,79,76,75,75,76,77,80,82,83,84,83,83,80,79,72,71,70,73
1333735510	39,81,82,82,84,85,84,83,81,85,83,82,77,70,71,73,76,81,83,85,44,90,86,36,68,33,65,68,75,79,84,88
1333735536	91,91,92,93,93,92,93,95,94,94,88,79,78,82,81,79,75,38,80,40,84,87,86,85,82,83,84,82,82,81,81,78
1333735561	74,74,77,74,74,76,74,71,70,71,68,71,67,63,30,68,36,26,81,77,77,74,70,64,61,64,67,36,78,80,81,20
1333735594	34,34,68,12,72,69,34,67,72,73,77,79,79,78,81,83,81,78,75,75,77,77,74,72,71,70,69,69,70,72,73,36
1333735627	76,73,73,31,65,67,66,64,65,23,70,66,65,70,67,65,67,71,74,76,79,77,79,75,72,35,72,69,68,68,64,62
1333735658	63,61,62,66,63,61,63,65,63,63,67,65,63,61,63,62,61,22,67,67,66,70,69,73,76,13,56,59,57,57,61,63
1333735695	22,75,76,78,79,79,79,79,81,78,79,80,77,76,75,74,70,66,66,61,60,61,59,59,60,58,59,60,61,64,63,62
1333735723	64,62,62,63,62,63,63,63,63,65,64,64,66,64,64,65,63,63,65,64,65,68,67,66,69,69,70,73,75,77,79,78
1333735752	76,77,73,71,69,71,68,68,73,72,72,37,71,67,67,62,20,59,62,65,64,65,68,66,68,70,67,65,65,65,63,63
1333735783	64,63,64,67,63,64,68,70,73,75,78,77,76,73,74,70,68,72,73,71,68,66,68,66,13,66,64,35,72,74,73,67
1333735816	32,65,34,71,73,76,76,74,71,68,64,62,61,63,62,63,65,64,64,66,64,62,65,64,64,64,66,65,66,70,69,67
1333735846	66,67,66,64,68,69,69,75,76,78,81,78,78,73,69,70,70,68,68,70,68,68,69,66,65,65,63,62,64,63,63,65
1333735873	64,65,67,65,64,69,67,68,67,69,67,66,33,64,65,63,21,64,64,65,64,65,69,69,69,71,72,70,66,64,65,63
1333735905	63,67,67,66,66,67,67,69,72,75,78,75,79,78,77,76,76,74,71,70,69,67,66,66,65,64,67,66,66,68,67,64
1333735932	71,72,70,70,72,34,68,68,69,71,72,72,70,71,68,66,67,65,63,64,64,63,64,65,63,64,66,65,65,66,63,63
1333735962	65,64,64,65,65,65,67,68,67,66,68,66,65,67,66,67,70,73,72,73,73,75,76,73,76,39,77,78,78,74,71,22
1333735992	65,64,65,67,67,67,68,69,68,65,65,65,62,61,64,64,65,69,70,75,78,78,77,71,71,67,63,63,65,64,64,68
1333736020	71,70,70,70,69,66,67,65,64,68,70,73,75,77,76,77,75,75,71,68,66,67,66,65,67,65,65,67,67,69,75,74
1333736047	77,79,80,41,78,75,72,71,70,68,71,71,71,73,74,74,76,77,74,72,72,69,64,66,67,66,66,69,67,66,64,67
1333736075	64,61,60,62,62,62,64,67,69,71,74,73,73,76,74,70,70,68,65,66,65,64,66,66,65,66,68,66,63,64,62,66
1333736104	68,71,73,76,79,80,81,80,79,75,69,65,64,60,60,64,63,64,69,68,67,66,68,66,60,57,60,57,57,60,60,60
1333736133	66,68,70,71,72,69,65,64,61,61,62,63,61,61,63,61,60,62,59,59,61,59,61,62,61,62,64,63,68,66,65,66
1333736163	66,64,64,63,62,63,65,64,63,64,61,60,61,63,62,64,65,64,65,65,63,63,64,62,62,66,65,66,71,72,76,75
1333736192	74,71,68,70,68,67,68,68,68,70,71,69,68,67,65,65,66,65,65,67,66,67,67,67,68,69,69,68,68,67,68,68
1333736220	69,70,71,71,75,75,75,75,70,67,69,33,73,75,78,79,79,78,75,72,73,70,67,66,70,69,70,73,72,71,71,69
1333736248	66,66,66,65,69,70,72,73,75,73,70,70,67,65,67,63,60,62,64,64,68,70,71,73,72,69,66,66,62,67,70,70
1333736276	70,73,72,70,68,69,67,66,68,70,70,71,71,70,71,70,69,72,74,71,70,71,69,65,64,66,65,66,68,67,66,67
1333736304	64,66,68,66,65,67,66,33,70,67,65,65,64,62,60,64,64,64,69,68,68,69,67,64,65,63,61,63,63,64,68,71
1333736333	75,77,73,69,66,60,57,60,58,58,62,63,63,69,69,68,68,68,66,67,67,65,64,64,65,70,68,68,69,69,65,61
1333736363	62,66,64,67,68,68,70,70,69,74,73,71,68,68,67,64,32,66,67,69,69,67,68,33,70,35,73,73,72,71,73,71
1333736393	69,68,70,68,66,65,67,67,66,65,71,71,71,74,72,70,70,69,66,65,66,65,66,67,66,66,67,64,64,65,63,64
1333736422	65,65,65,68,67,67,70,72,72,75,79,78,77,74,72,70,66,64,67,66,65,64,65,65,63,63,65,63,64,65,64,62
1333736450	64,63,64,67,67,66,68,68,65,64,67,67,69,72,71,71,74,73,72,71,71,68,66,67,66,66,72,71,73,74,70,70
1333736478	69,67,65,64,66,65,65,68,69,69,69,71,68,65,66,66,65,65,66,64,64,66,65,67,70,71,69,69,68,66,64,65
1333736506	65,65,66,67,65,66,67,65,63,65,66,67,71,73,70,68,70,70,68,66,67,69,34,71,71,69,67,68,67,65,65,66
1333736536	33,68,67,67,66,66,66,65,67,68,68,70,72,73,77,81,84,85,83,79,77,76,73,71,72,72,72,74,73,72,72,72
1333736563	70,68,68,67,66,69,69,69,70,71,71,71,72,71,70,70,69,69,71,78,41,83,81,80,78,73,68,64,65,69,68,66
1333736590	66,68,66,65,64,64,67,68,69,71,72,73,73,71,72,73,71,70,71,71,70,73,72,73,37,38,76,74,73,69,66,70
1333736619	72,72,75,78,79,83,81,75,73,72,69,66,68,69,69,69,69,71,71,70,70,68,65,66,71,70,72,75,76,74,71,67
1333736646	64,62,65,64,65,69,71,72,74,73,70,66,67,65,68,71,71,72,75,77,78,77,77,77,74,71,70,72,72,75,77,78
1333736673	76,79,77,76,74,73,69,67,70,68,69,72,71,70,70,68,66,66,64,63,65,65,68,71,73,77,83,84,86,84,84,85
1333736699	84,83,81,81,81,80,79,81,81,78,74,71,70,68,66,68,68,69,72,75,75,72,72,73,72,72,74,70,70,70,70,69
1333736725	71,71,70,71,71,70,73,73,71,67,63,62,64,65,68,74,77,79,82,82,82,81,80,76,71,67,67,69,67,66,69,70
1333736752	68,67,65,67,65,64,68,69,70,74,78,77,76,76,71,66,64,62,61,64,63,64,67,67,74,75,75,72,69,69,64,61
1333736780	62,63,63,63,68,68,70,74,74,73,72,70,66,65,65,63,62,65,64,66,71,73,75,76,74,70,64,61,62,59,59,61
1333736809	63,62,65,67,66,63,62,63,60,60,62,64,67,71,72,74,76,75,71,69,67,67,71,73,77,39,139,184,75,72,73,70
1333736836	67,66,69,70,69,71,70,69,69,67,65,72,26,84,80,77,77,72,70,73,71,71,37,77,78,83,84,86,88,45,91,89
1333736865	86,84,81,78,76,77,73,72,73,72,71,70,72,70,69,69,70,68,66,69,71,72,74,76,75,74,73,69,62,63,65,65
1333736891	66,70,72,72,74,72,69,67,69,68,69,74,72,72,73,71,69,67,67,67,67,67,68,67,65,64,67,65,65,67,68,70
1333736919	73,75,75,77,76,76,76,76,76,76,78,82,82,40,79,37,35,23,69,66,71,78,75,76,76,76,79,77,78,79,77,77
1333736948	78,38,80,80,82,78,75,73,69,72,71,69,67,70,66,66,66,69,68,65,66,65,62,63,64,62,64,72,70,75,77,78
1333736976	77,75,72,67,63,65,66,69,74,77,80,80,80,83,83,82,82,81,74,70,66,68,66,66,69,70,69,74,74,77,76,69
1333737003	61,57,57,59,59,60,61,62,66,64,62,58,59,57,56,59,59,59,64,66,69,73,75,72,71,72,67,64,63,64,63,63
1333737033	66,64,67,71,69,66,63,63,65,67,65,63,67,65,65,64,68,66,63,62,63,60,60,60,59,58,63,61,59,61,60,59
1333737063	60,58,59,67,68,70,72,74,72,69,69,67,64,63,63,61,61,64,62,61,63,60,58,61,59,58,61,59,59,62,61,66
1333737093	68,35,75,76,75,76,75,71,66,66,64,62,60,64,63,63,63,66,64,65,68,70,69,68,70,68,65,63,66,31,64,66
1333737123	70,74,76,76,74,71,70,70,68,66,70,67,65,66,64,63,64,64,67,70,68,71,76,78,83,41,84,83,80,76,78,76
1333737151	74,69,69,71,70,69,35,71,72,72,73,69,70,67,63,63,66,61,59,60,63,60,60,62,65,64,62,62,66,65,67,69
1333737180	67,65,65,67,66,68,72,75,77,76,72,73,69,68,67,70,67,70,73,71,71,73,69,67,68,71,70,70,70,67,65,66
1333737208	67,64,62,64,63,64,70,70,68,63,64,60,58,59,60,59,60,64,66,67,69,72,71,69,69,68,65,64,66,63,63,68
1333737237	67,69,69,73,72,71,75,73,72,73,74,72,70,69,71,68,67,71,69,67,64,66,63,62,61,63,62,61,64,63,62,63
1333737266	67,66,63,61,66,67,72,73,78,81,82,83,79,78,74,74,76,73,71,72,71,70,74,80,77,76,73,73,79,38,76,74
1333737292	74,78,76,76,80,80,77,79,78,81,85,86,86,89,87,89,89,91,94,92,93,95,95,93,88,82,79,75,75,78,74,73
1333737315	74,76,76,82,84,79,83,70,72,75,76,78,77,78,81,78,78,40,83,81,42,82,83,81,79,78,79,82,77,77,74,72
1333737341	73,72,69,71,73,74,73,75,77,76,77,78,79,78,78,79,81,81,86,88,91,94,93,96,97,95,96,47,92,86,42,78
1333737366	82,80,80,40,82,27,84,82,85,83,82,80,85,83,86,81,79,76,23,69,70,72,76,78,79,80,79,76,26,84,84,85
1333737395	87,88,89,93,91,86,41,87,87,83,83,83,83,81,83,80,78,76,76,74,75,80,80,79,80,81,77,78,77,37,77,82
1333737420	80,40,40,81,26,81,81,80,78,80,76,77,81,83,81,84,83,77,71,74,72,73,74,77,79,80,79,79,77,74,71,69
1333737448	66,64,66,66,68,70,35,76,76,77,77,38,74,71,75,78,76,75,75,76,77,77,79,79,78,76,76,73,71,73,72,74
1333737476	78,27,86,81,80,80,80,77,74,78,76,77,80,81,42,84,85,84,83,78,78,74,38,77,79,92,74,84,87,85,82,82
1333737502	80,83,76,71,71,76,76,76,39,40,85,83,85,88,85,84,85,83,81,79,79,78,77,78,81,79,80,83,82,81,81,40
1333737528	82,79,78,76,78,76,76,79,77,79,79,85,85,86,87,83,78,77,79,76,79,77,76,73,73,74,72,70,70,69,74,72
1333737553	70,69,70,67,64,67,68,32,66,68,70,76,73,73,71,67,35,72,75,76,39,17,88,90,87,79,77,73,73,76,77,72
1333737585	69,35,75,78,41,85,86,86,85,83,81,81,76,75,74,73,72,74,73,73,75,75,76,79,76,73,73,76,80,81,81,83
1333737611	85,86,84,78,77,75,78,78,79,80,83,41,82,80,79,78,78,79,78,82,41,42,42,81,83,81,79,83,82,82,83,89
1333737637	89,90,92,94,92,93,94,93,93,91,93,92,90,87,82,78,79,75,76,80,82,82,84,87,86,87,86,86,85,82,78,75
1333737660	72,71,75,77,80,80,79,79,80,78,78,81,77,78,78,76,80,80,79,76,74,71,66,67,70,68,69,71,76,79,84,41
1333737686	83,83,79,79,79,78,76,75,76,75,73,72,72,73,71,69,68,69,66,63,62,66,69,72,76,79,83,86,88,86,28,85
1333737712	80,78,76,73,75,74,70,70,71,75,75,77,77,77,77,79,79,75,74,70,68,72,70,72,75,74,75,77,78,26,79,79
1333737739	74,73,71,75,76,76,77,75,73,73,36,75,77,79,80,79,76,76,73,74,75,74,77,79,79,80,83,84,84,87,29,84
1333737766	86,87,88,87,22,86,86,87,85,86,87,87,86,88,88,87,43,88,84,84,80,77,75,77,74,72,74,74,75,78,79,77
1333737792	77,76,72,72,75,73,73,76,36,76,73,74,76,75,75,76,78,76,76,78,76,81,83,89,86,80,83,83,85,86,85,85
1333737817	87,89,89,87,87,86,84,81,80,79,77,79,77,77,78,40,41,83,82,81,79,77,78,77,76,79,77,79,84,86,84,83
1333737843	41,79,40,79,81,83,85,84,82,83,78,76,74,76,76,76,81,82,82,83,83,40,78,76,73,73,77,77,80,83,84,86
1333737869	86,83,80,82,80,75,72,74,78,77,86,43,92,47,95,98,98,97,98,94,92,91,91,91,93,92,92,88,85,82,84,82
1333737892	80,81,87,84,84,86,86,86,88,88,89,45,31,28,76,72,73,75,77,18,80,84,84,84,76,79,76,76,80,82,84,82
1333737921	79,78,73,70,72,78,42,89,90,93,89,89,88,83,82,81,83,39,78,77,76,76,41,83,83,83,84,82,79,79,80,80
1333737947	76,75,72,68,67,67,68,70,73,74,74,71,71,72,71,69,70,71,36,80,79,79,78,78,75,38,16,80,77,74,73,69
1333737978	69,69,71,71,73,70,68,67,69,68,67,70,70,70,67,66,65,65,34,71,72,75,74,74,71,69,69,67,67,70,68,67
1333738006	68,66,66,69,71,69,68,69,32,71,76,80,81,83,81,78,77,67,67,73,75,77,81,84,85,89,89,90,91,90,88,86
1333738032	85,83,81,84,86,87,84,81,82,78,78,80,81,82,83,84,83,82,77,71,67,63,62,63,64,67,71,73,73,70,70,70
1333738057	67,66,68,67,68,73,75,78,79,80,71,65,67,65,65,68,69,72,75,78,79,78,76,74,75,39,81,82,84,80,79,80
1333738084	77,78,82,81,81,41,81,81,83,81,80,81,76,77,80,80,80,83,84,84,85,88,86,87,89,87,86,80,80,80,80,80
1333738109	41,83,85,83,82,82,84,82,81,81,79,78,78,76,38,80,83,79,75,74,69,67,73,74,76,81,80,83,84,83,85,87
1333738133	87,91,87,87,82,76,75,75,73,75,80,80,84,86,89,86,87,85,88,86,85,86,85,79,81,80,79,82,84,85,87,87
1333738157	86,84,84,86,85,87,89,86,82,77,81,80,79,77,83,79,79,81,80,78,81,80,78,81,80,77,77,76,72,69,68,70
1333738181	72,75,76,81,75,73,72,67,65,66,65,33,68,65,63,65,63,63,66,64,63,65,64,62,63,64,64,66,67,64,61,64
1333738210	61,61,65,65,65,68,65,64,65,61,61,65,64,64,67,70,68,70,67,64,64,68,66,65,67,70,65,67,65,63,62,65
1333738240	64,63,64,64,63,61,62,59,56,59,55,55,60,58,58,63,61,60,63,61,60,63,63,61,64,63,65,60,58,60,58,58
1333738271	61,60,60,63,63,61,62,63,62,64,68,65,66,64,62,66,64,62,63,63,61,61,62,60,60,61,60,60,62,60,60,64
1333738302	63,63,64,61,60,61,61,66,67,67,66,70,67,67,67,65,63,62,63,61,61,64,63,63,65,63,63,65,61,60,63,65
1333738332	68,74,73,78,74,69,68,66,63,64,62,60,60,61,61,60,59,59,62,61,59,57,58,57,59,55,54,57,56,54,58,59
1333738363	57,56,59,56,56,60,59,59,61,59,62,62,59,62,64,65,59,64,60,58,62,61,59,60,59,57,56,59,59,61,61,59
1333738395	59,62,59,58,61,59,58,60,59,58,61,62,62,65,62,62,63,64,66,64,62,64,62,63,64,62,60,63,63,62,62,65
1333738425	62,60,60,59,57,57,59,58,58,63,61,60,61,59,60,63,63,63,66,71,69,73,76,79,81,84,84,85,86,89,88,87
1333738454	84,81,81,77,78,78,75,81,81,78,36,69,72,70,69,68,70,70,70,72,75,74,34,63,61,61,60,61,63,61,61,61
1333738483	61,64,63,62,63,62,60,62,60,60,63,65,64,67,66,64,64,63,66,71,71,69,71,70,68,69,69,66,65,66,63,63
1333738512	67,68,71,67,66,60,59,58,62,61,62,62,65,62,60,59,61,60,57,57,58,59,60,63,60,59,59,56,56,57,58,62
1333738544	61,61,60,58,56,59,57,59,58,57,59,57,57,58,60,60,59,61,59,62,63,59,59,59,57,62,62,64,63,63,62,61
1333738575	62,63,65,64,61,62,59,57,57,60,59,58,60,64,63,61,60,65,65,62,60,60,61,63,65,67,67,71,71,71,75,73
1333738605	73,64,57,59,57,59,58,56,58,60,63,65,70,70,69,64,61,62,60,58,59,59,58,61,60,60,60,65,68,70,74,75
1333738636	78,83,79,82,85,84,84,86,85,87,88,88,87,90,90,89,91,87,82,80,81,83,85,87,89,87,89,89,91,91,89,88
1333738658	84,84,79,79,78,76,75,74,75,72,76,70,69,68,65,63,62,63,65,69,77,78,77,72,60,53,57,56,56,57,58,58
1333738687	61,64,64,64,65,62,63,65,63,61,63,62,59,61,61,59,61,62,63,65,71,69,70,69,70,70,68,64,60,62,61,60
1333738716	64,65,66,66,63,61,61,57,58,59,58,59,60,58,58,59,57,59,57,58,62,61,60,61,60,56,58,58,57,60,59,58
1333738748	61,60,58,58,62,63,66,67,70,70,67,62,61,62,59,59,61,61,59,58,60,58,57,61,58,56,58,57,56,57,58,56
1333738780	56,56,54,56,57,56,56,57,55,55,56,54,56,58,57,59,61,30,66,66,64,63,32,60,62,61,59,61,60,59,64,64
1333738814	62,61,63,60,56,57,56,55,58,59,59,60,65,66,69,73,71,70,64,60,58,57,59,59,59,60,61,65,68,68,67,64
1333738845	62,65,62,60,62,62,61,62,65,62,61,64,61,59,62,60,59,63,61,58,60,57,55,60,59,59,63,61,60,62,60,60
1333738876	61,60,58,60,64,62,63,66,66,65,66,67,65,65,68,64,67,66,64,61,64,60,59,63,60,59,62,60,59,61,60,58
1333738907	63,61,60,64,62,62,61,19,60,61,62,66,69,71,67,66,60,57,58,58,58,59,60,59,58,62,59,20,20,20,61,63
1333738946	61,59,60,59,8,64,63,63,60,59,62,60,60,62,61,62,64,62,60,60,61,59,60,60,58,60,61,31,62,31,61,60
1333738985	61,60,20,31,9,21,21,21,12,15,8,20,63,60,60,62,61,60,62,63,61,63,64,62,63,67,69,71,69,72,69,65
1333739044	65,68,65,63,65,65,64,61,64,64,62,61,65,63,61,62,62,60,58,62,60,60,65,63,62,64,63,60,60,64,61,61
1333739074	64,62,60,64,63,60,58,60,58,57,60,60,59,61,61,60,59,62,60,58,59,61,59,59,63,61,61,65,63,61,61,61
1333739106	59,58,62,62,61,64,67,70,67,67,66,62,61,64,62,61,64,62,61,63,65,63,63,66,64,62,66,64,63,66,63,61
1333739136	63,61,59,61,60,59,62,62,61,60,64,61,59,60,61,60,61,63,62,65,67,65,66,67,69,65,64,64,61,60,64,64
1333739166	64,68,67,65,63,65,60,58,60,61,59,59,63,61,60,64,62,60,63,61,57,61,60,60,64,61,60,62,60,58,62,60
1333739197	61,65,64,63,61,63,59,58,64,67,69,73,72,66,61,58,57,57,58,63,63,60,60,63,61,60,59,59,58,61,64,60
1333739228	60,60,58,58,58,57,57,58,59,63,61,61,60,61,62,67,70,68,71,72,70,67,67,68,66,65,68,65,63,64,63,61
1333739258	62,67,65,62,63,63,63,66,65,66,68,64,65,61,60,62,61,59,60,61,58,57,59,56,56,61,59,59,62,59,59,64
1333739289	60,59,61,59,59,62,59,58,62,59,58,60,59,57,56,60,60,58,58,62,61,60,61,62,60,58,62,58,56,59,60,58
1333739321	61,63,62,61,64,63,61,58,60,59,58,61,59,59,62,62,61,62,62,61,61,64,62,61,65,63,62,63,62,61,63,64
1333739352	63,62,63,60,60,63,61,61,64,64,64,64,67,64,61,63,62,61,64,64,64,64,66,63,62,64,63,64,67,69,71,70
1333739382	68,69,70,67,65,67,64,62,65,67,68,71,71,72,69,68,65,62,60,63,64,66,69,69,72,70,69,67,68,66,64,64
1333739411	65,62,60,62,60,59,61,60,61,63,61,62,62,60,61,64,65,63,62,63,66,67,69,68,68,68,70,66,64,65,62,61
1333739441	61,62,60,61,64,62,62,64,61,61,64,61,60,63,61,60,65,63,67,65,65,65,63,61,66,65,63,65,65,63,64,66
1333739471	64,63,65,63,63,67,65,66,68,70,67,66,63,62,65,63,61,63,61,60,62,61,60,61,63,59,57,60,58,57,59,60
1333739502	59,61,65,63,65,69,67,64,61,63,61,59,63,62,62,68,70,66,61,56,55,55,56,58,62,68,71,76,80,82,83,85
1333739531	85,85,84,83,83,82,81,81,84,86,43,90,90,87,40,85,82,82,84,85,87,88,89,45,92,93,94,96,98,98,99,99
1333739555	98,97,96,86,79,76,76,76,78,78,83,86,22,84,81,78,79,82,84,78,82,86,80,80,83,84,82,80,75,70,73,72
1333739581	72,76,75,73,70,71,68,68,71,69,68,65,68,69,71,78,76,74,70,70,67,66,66,64,68,72,72,73,75,73,74,74
1333739608	73,71,68,68,67,64,64,68,67,70,73,75,77,77,79,75,77,75,35,68,67,67,71,70,71,71,69,64,61,66,63,62
1333739636	60,61,66,67,68,67,66,66,70,67,67,70,70,68,68,69,65,64,68,67,65,68,69,67,67,67,65,64,64,66,70,72
1333739664	74,75,75,76,75,69,65,64,67,66,70,72,70,69,75,74,78,77,74,70,70,73,72,75,77,75,75,68,64,62,60,61
1333739692	61,61,63,66,66,66,63,62,61,58,60,59,60,61,65,68,69,69,67,65,63,31,32,70,74,39,76,75,74,75,75,38
1333739724	80,83,79,36,67,65,66,69,67,67,67,70,73,76,73,68,59,55,56,60,59,61,61,63,63,61,59,58,58,58,58,62
1333739754	65,61,57,55,54,56,58,59,62,64,69,71,69,64,57,59,62,62,63,66,68,71,73,37,74,73,72,72,72,73,74,72
1333739785	37,75,72,71,72,71,70,74,76,79,80,79,78,76,76,76,74,73,75,72,71,72,72,76,73,73,76,79,78,79,83,84
1333739810	85,86,86,85,84,85,82,77,24,75,74,25,80,77,76,74,24,73,75,75,37,77,75,37,75,76,75,74,76,78,78,78
1333739842	77,76,78,78,76,38,80,79,76,74,74,71,69,70,68,69,71,70,72,75,76,79,81,84,83,80,77,78,74,73,74,72
1333739868	70,71,71,69,69,71,71,71,73,73,71,71,69,67,65,64,65,68,70,70,71,69,66,68,66,67,71,71,72,73,73,71
1333739895	70,69,65,64,72,77,76,75,75,76,80,82,83,85,87,84,81,74,66,66,62,60,59,57,61,61,61,62,63,64,67,68
1333739923	68,70,68,65,65,66,65,62,61,64,63,63,65,66,68,71,72,71,69,71,69,70,73,72,72,72,73,71,72,74,72,71
1333739951	72,71,74,73,71,72,75,74,74,75,77,75,74,73,73,70,69,69,69,70,71,71,71,74,72,72,72,74,76,76,74,71
1333739977	72,69,69,70,70,70,72,73,74,76,78,77,75,73,70,67,67,67,67,68,71,71,74,73,75,75,76,74,71,68,66,70
1333740004	73,72,75,73,74,76,76,75,76,73,73,71,74,73,72,73,72,70,70,70,69,70,72,70,69,69,68,64,64,64,66,67
1333740031	68,70,70,69,68,69,66,65,63,66,65,64,66,65,65,68,67,66,67,66,70,70,69,66,67,64,63,64,63,62,62,65
1333740059	63,62,64,63,62,64,62,62,64,62,61,64,63,64,65,64,64,68,67,68,71,72,75,73,71,71,70,67,65,66,65,64
1333740088	66,66,64,63,66,65,64,67,67,66,65,68,67,66,66,68,68,68,70,69,68,69,70,72,37,78,77,76,78,75,37,75
1333740118	75,78,78,80,82,82,85,85,85,85,86,85,81,76,73,68,65,68,68,67,66,68,65,62,61,64,63,62,62,65,66,70
1333740144	69,70,70,68,67,67,64,63,62,63,65,67,67,67,70,69,69,71,70,70,69,68,67,66,70,75,36,70,66,69,72,68
1333740173	67,67,67,66,65,64,64,63,63,66,65,63,61,61,62,66,69,67,67,68,65,64,62,62,64,64,64,67,67,66,64,67
1333740202	68,68,69,71,68,68,68,67,64,65,33,67,68,68,66,67,66,66,65,63,60,61,59,58,61,59,59,61,60,60,64,63
1333740233	67,70,72,72,68,64,64,62,61,63,65,65,67,67,67,66,70,69,69,71,70,69,66,64,66,68,71,70,71,70,72,75
1333740261	74,76,73,72,72,70,66,63,60,60,62,60,59,62,62,61,61,61,61,66,68,66,66,66,65,62,59,59,63,62,62,65
1333740291	65,65,65,67,67,70,75,72,70,72,69,70,68,66,65,65,68,72,73,72,70,70,64,61,62,59,58,60,60,63,69,71
1333740319	76,80,39,74,71,76,75,74,72,71,70,71,70,74,73,72,75,73,74,72,75,72,71,71,71,71,69,69,68,68,68,69
1333740347	68,67,63,60,59,59,61,63,64,67,67,64,64,59,56,56,57,64,66,66,66,65,62,62,62,65,66,67,66,67,65,64
1333740378	32,63,66,70,73,75,80,81,81,75,71,65,63,68,70,71,76,80,81,82,79,75,73,71,71,71,74,78,76,74,68,62
1333740404	65,66,67,69,71,75,38,76,77,74,73,71,71,70,72,71,69,63,30,63,69,71,75,77,74,74,74,73,74,72,73,74
1333740433	75,75,76,76,78,39,79,78,77,78,78,77,25,76,77,77,77,77,74,73,78,74,73,24,79,77,78,77,77,75,71,70
1333740462	72,70,69,70,73,75,73,73,71,70,73,72,67,35,36,68,66,68,68,65,64,62,61,60,59,60,59,58,59,60,59,57
1333740492	58,60,62,61,59,60,61,64,63,61,59,61,59,59,62,60,59,63,60,60,63,61,62,13,63,61,65,62,31,62,64,63
1333740528	62,61,64,62,61,33,73,72,71,70,64,60,61,61,60,59,63,65,66,64,67,64,62,64,62,60,63,65,65,69,72,72
1333740558	74,73,72,69,22,37,39,83,84,83,82,83,83,82,81,83,78,75,73,69,69,69,75,73,77,77,77,75,77,80,82,82
1333740586	86,88,86,84,81,82,79,78,83,84,82,74,73,78,79,79,82,86,89,90,91,93,93,90,45,44,89,85,81,76,74,73
1333740611	74,78,79,81,83,84,43,27,83,85,85,44,90,90,91,89,45,91,91,91,89,87,85,86,88,87,85,74,74,76,38,28
1333740639	83,83,80,78,78,79,80,82,81,80,82,81,79,78,74,74,75,75,75,74,79,75,72,72,71,72,75,76,80,81,87,87
1333740664	88,44,2,76,79,79,80,39,79,78,79,40,38,36,72,70,72,76,76,75,12,78,76,74,12,5,23,76,78,80,84,85
1333740736	86,87,89,88,81,23,74,75,75,72,72,72,72,75,77,78,79,75,72,68,64,64,63,65,68,68,65,63,63,65,68,34
1333740765	71,73,72,72,69,66,64,66,70,8,71,71,36,75,38,73,72,69,67,68,71,71,17,71,24,74,4,36,12,76,74,72
1333740829	6,38,25,76,37,77,75,73,72,74,75,74,73,74,72,71,71,71,74,2,35,34,11,1,70,8,77,78,15,0,79,8
1333741002	12,75,73,71,37,78,76,77,78,76,78,78,79,80,82,82,84,83,80,78,75,72,72,69,68,69,68,70,68,68,68,67
1333741029	66,65,70,73,71,73,71,71,71,70,72,71,68,66,69,69,68,70,72,72,72,72,74,77,77,75,75,71,70,68,70,71
1333741056	67,76,73,74,76,76,78,79,78,78,80,78,77,73,71,69,70,69,69,68,66,68,71,71,69,67,65,70,63,68,67,70
1333741082	74,73,75,77,78,77,75,76,68,64,64,66,67,35,24,80,72,68,31,68,16,64,62,59,69,65,31,31,21,31,66,66
1333741121	68,70,69,69,72,73,72,72,75,74,75,77,75,75,73,69,66,68,68,68,73,77,79,82,82,82,80,80,40,80,80,79
1333741148	77,76,77,79,79,80,81,82,79,70,66,62,63,64,63,22,66,31,59,21,69,22,63,65,64,61,60,66,66,67,66,62
1333741182	62,66,68,67,69,67,66,65,69,68,66,67,72,67,66,64,65,64,67,66,65,65,65,65,71,71,71,73,71,64,62,59
1333741211	59,62,60,62,66,71,69,69,67,66,64,59,57,58,59,58,58,60,62,65,63,62,62,66,63,59,58,58,63,62,64,63
1333741242	63,64,66,66,68,68,66,66,67,67,67,67,69,71,70,70,67,65,62,62,65,68,69,68,66,63,62,66,65,64,65,65
1333741270	68,68,67,67,64,63,62,62,68,67,70,72,72,75,70,71,61,61,60,61,65,67,69,72,73,71,72,70,68,70,66,64
1333741299	62,61,65,62,61,60,62,67,68,70,73,75,78,78,82,78,70,61,57,57,59,59,64,65,66,67,70,72,71,70,66,70
1333741327	66,67,62,60,59,60,63,66,70,69,71,70,73,72,75,70,70,73,72,70,71,72,74,75,77,78,79,77,73,69,68,69
1333741355	68,65,64,63,61,65,66,69,71,73,71,68,64,61,63,60,59,58,60,60,60,60,60,61,65,63,62,63,67,66,65,64
1333741385	68,68,69,70,68,66,67,69,69,70,71,67,67,66,69,67,66,64,63,62,67,67,68,72,69,71,70,71,72,73,78,77
1333741412	79,79,78,79,77,75,72,67,20,31,32,16,22,68,63,62,63,64,30,16,32,12,65,62,58,62,28,69,63,63,21,69
1333741461	67,66,64,66,63,62,64,64,62,61,62,65,66,65,64,65,68,66,72,68,71,68,68,34,35,74,70,70,71,71,72,74
1333741491	75,76,39,81,81,80,79,80,82,80,82,83,77,87,83,87,84,83,79,73,70,74,72,70,70,69,73,78,75,78,78,77
1333741516	76,73,73,67,69,69,68,68,67,68,67,72,72,80,77,73,66,61,62,63,66,71,76,81,80,78,72,70,70,65,61,60
1333741544	63,66,67,66,38,72,87,83,83,78,72,67,65,61,61,63,70,74,76,76,73,78,76,76,74,71,73,69,66,70,73,72
1333741571	72,75,73,76,77,70,69,69,68,69,75,36,73,72,74,72,71,71,71,74,24,74,70,70,71,68,71,73,75,72,73,75
1333741600	76,76,75,73,73,76,74,71,71,68,68,71,72,74,76,77,75,73,75,37,74,71,69,70,69,70,71,75,77,80,84,84
1333741627	81,75,68,68,63,60,68,64,66,65,63,66,68,73,69,71,66,62,66,64,60,61,60,61,65,63,60,60,63,63,68,65
1333741656	63,60,63,61,62,64,67,70,73,71,69,32,63,63,68,66,67,69,71,76,77,80,79,76,74,74,70,68,66,66,68,72
1333741685	75,75,77,73,67,62,60,63,63,70,71,74,77,72,66,67,69,66,66,64,66,71,70,72,71,74,71,69,64,62,61,61
1333741713	63,68,64,64,65,67,69,72,71,72,74,76,78,78,77,77,76,77,76,76,74,77,75,18,71,65,67,67,70,69,70,70
1333741742	70,71,68,65,63,63,63,68,67,68,67,66,69,68,72,78,79,80,73,72,62,60,62,63,67,71,73,75,75,76,80,82
1333741769	82,79,75,71,74,74,71,66,64,65,67,69,71,72,75,74,76,73,74,78,77,79,78,78,81,80,77,73,68,72,67,65
1333741796	67,68,72,73,75,72,71,70,69,72,72,74,78,80,81,85,85,85,82,80,77,81,75,77,76,75,74,71,70,75,71,73
1333741821	76,77,78,76,77,81,38,72,75,72,70,67,65,65,70,72,70,70,67,66,66,67,70,74,77,82,81,82,82,84,83,85
1333741848	86,85,90,85,84,76,70,68,71,75,74,74,72,72,71,74,73,75,79,80,80,80,76,72,69,68,73,72,72,73,72,73
1333741873	78,81,80,83,82,80,80,77,77,74,73,71,72,76,77,81,81,78,80,79,75,73,78,79,78,69,67,71,74,72,73,73
1333741898	75,72,84,77,82,76,72,69,65,76,71,71,71,73,78,76,74,70,69,70,67,70,80,82,77,78,73,74,77,78,79,82
1333741924	84,83,84,84,83,81,78,80,80,75,68,62,59,62,66,66,68,70,72,71,83,79,81,83,86,81,76,69,65,68,68,70
1333741950	74,75,77,75,75,74,75,76,77,70,69,69,73,38,74,75,76,77,74,73,35,69,71,36,72,73,76,75,73,70,67,66
1333741978	66,69,70,72,75,79,77,74,65,74,72,69,67,70,70,71,73,74,73,74,71,72,78,71,78,69,68,66,65,66,67,69
1333742005	71,74,77,81,76,67,59,59,61,62,67,67,74,74,78,75,75,69,70,72,73,77,78,79,79,80,82,84,82,82,80,80
1333742031	81,77,77,73,72,74,77,39,80,15,71,70,68,66,8,72,65,71,68,22,69,70,75,76,81,87,82,79,79,74,34,67
1333742070	68,69,72,73,77,80,81,86,81,75,69,68,66,67,71,72,25,80,81,83,83,83,82,83,78,76,71,71,73,78,80,73
1333742097	76,74,76,72,72,82,67,80,79,78,77,77,78,73,101,51,70,66,64,70,72,73,78,78,81,78,77,75,75,75,79,79
1333742122	78,80,79,81,81,79,77,73,72,75,79,84,85,83,81,78,77,79,78,79,80,84,85,86,89,89,91,91,90,88,84,82
1333742146	80,77,72,74,75,77,80,81,80,41,83,83,83,84,83,81,86,83,85,86,85,85,86,86,86,86,87,85,77,89,85,82
1333742170	85,40,81,79,78,80,77,76,77,76,71,68,67,63,65,63,62,64,66,66,68,67,67,68,66,67,67,70,70,70,73,73
1333742198	73,74,71,67,73,69,85,61,73,113,60,82,85,84,84,81,79,78,76,74,74,72,72,75,74,75,77,76,75,78,75,75
1333742223	76,74,74,74,73,72,73,75,73,72,74,74,73,78,79,82,84,85,85,89,87,80,89,82,77,76,71,76,73,74,75,77
1333742248	81,80,81,81,78,76,76,71,73,75,72,74,75,74,77,78,80,82,84,82,81,76,74,75,68,66,67,67,69,70,73,73
1333742273	73,71,70,67,65,70,69,73,72,83,81,83,88,91,90,80,73,69,70,73,74,75,80,79,80,78,76,78,77,78,80,82
1333742298	82,85,84,85,85,86,84,83,83,81,77,78,79,79,80,83,79,77,78,78,76,77,80,81,84,84,85,88,87,88,84,83
1333742321	86,89,75,80,82,81,45,75,88,86,85,83,78,74,36,75,75,77,81,79,82,83,84,86,80,90,86,89,85,87,88,87
1333742346	85,89,89,89,88,91,93,92,44,86,81,81,81,80,83,85,85,87,88,88,90,92,90,92,94,94,94,98,98,99,99,100
1333742368	103,103,103,102,102,97,107,100,97,97,97,95,95,93,92,93,93,94,93,97,96,96,95,95,91,85,86,88,86,88,91,93
1333742388	93,93,93,92,93,93,92,90,87,92,90,91,92,82,94,89,91,31,92,93,92,90,90,92,94,95,96,97,96,98,96,96
1333742410	96,98,97,95,93,90,86,90,88,86,85,83,80,80,84,81,88,89,91,93,97,97,99,96,97,97,96,95,92,85,86,81
1333742431	85,87,88,90,90,92,92,94,95,96,95,96,96,92,89,85,85,84,74,85,84,83,82,84,81,76,93,82,90,88,86,88
1333742453	89,88,90,83,94,91,94,93,89,86,80,77,78,79,81,83,82,85,88,83,84,86,84,84,98,72,83,83,84,83,83,80
1333742476	81,79,81,86,81,86,88,85,83,92,84,86,86,81,79,78,81,84,86,85,84,82,81,78,78,85,85,87,90,95,95,96
1333742498	98,98,96,94,88,92,92,90,90,91,88,85,90,86,86,87,90,92,94,94,96,93,93,87,84,85,89,88,86,93,93,92
1333742520	91,87,89,87,87,86,84,82,86,84,85,85,84,87,85,83,86,89,87,91,94,96,97,97,99,99,98,99,96,93,88,85
1333742541	86,86,85,87,88,89,91,92,93,92,94,92,87,84,87,88,87,90,91,90,93,92,93,95,94,93,92,93,93,92,90,87
1333742562	85,88,92,93,95,96,98,97,98,100,100,100,98,96,96,92,93,92,90,91,95,95,95,98,99,97,98,100,101,101,101,101
1333742582	101,98,94,93,88,86,84,82,82,88,89,90,94,93,94,95,98,98,96,96,97,96,97,96,95,93,93,93,96,96,93,93
1333742603	94,96,96,93,91,93,92,91,92,92,90,88,89,87,84,89,92,94,94,97,98,98,97,97,96,94,96,97,98,99,98,98
1333742623	91,102,96,98,98,98,99,97,96,98,99,97,99,100,102,102,101,100,101,98,97,98,102,103,101,102,104,103,103,104,103,100
1333742642	101,100,97,94,92,87,86,86,86,83,82,82,84,82,80,79,84,75,85,88,89,92,93,88,98,92,90,92,94,92,93,93
1333742664	91,91,93,107,80,99,162,205,91,89,87,85,82,81,81,80,77,76,75,74,72,74,73,73,75,78,73,79,70,73,75,79
1333742687	78,76,74,76,75,75,77,79,80,81,82,82,80,78,78,76,74,71,72,74,74,75,77,78,79,78,77,76,73,110,101,130
1333742711	74,74,89,67,77,76,104,57,70,68,68,72,75,76,76,78,77,75,71,70,70,71,72,74,76,75,79,85,87,89,91,91
1333742736	90,87,91,89,86,90,84,95,88,89,88,86,86,88,90,86,86,88,86,86,90,91,87,87,90,86,86,43,92,89,88,90
1333742759	92,93,88,89,93,88,88,92,92,93,93,93,93,93,96,96,92,90,91,92,90,90,90,90,89,88,89,92,89,90,91,92
1333742780	91,88,85,84,80,75,76,75,74,76,78,80,82,83,86,91,90,91,92,93,92,93,94,92,91,90,91,87,88,90,89,90
1333742802	94,95,96,94,95,96,96,93,91,90,86,83,84,83,81,79,80,81,78,81,78,78,79,79,77,84,82,81,78,76,74,71
1333742825	71,73,75,77,82,80,81,85,86,86,89,88,89,91,89,88,87,86,85,85,87,84,85,85,84,84,86,84,82,82,81,81
1333742848	85,80,84,90,91,78,94,89,88,88,90,89,90,91,92,91,90,89,86,83,80,80,77,74,74,75,75,75,80,78,79,81
1333742871	82,82,87,41,81,85,84,86,90,89,92,91,94,91,85,78,75,73,74,81,81,77,76,77,79,84,82,86,89,87,85,87
1333742894	88,89,88,88,85,101,93,91,89,91,90,89,88,44,86,88,87,88,91,44,85,86,89,91,88,87,91,85,86,89,90,93
1333742917	89,90,89,87,85,83,86,83,84,86,82,80,82,81,37,105,68,92,76,83,88,103,43,85,76,90,102,119,169,178,76,83
1333742940	81,84,102,75,50,164,112,182,181,82,80,77,82,80,83,85,87,89,89,91,89,88,81,94,89,85,84,85,84,86,80,81
1333742962	83,81,82,81,82,76,83,79,83,80,81,82,79,76,76,97,61,78,79,81,83,84,85,91,27,38,78,79,79,79,82,85
1333742988	88,92,87,91,89,84,80,81,78,78,76,76,80,82,82,85,85,86,85,82,90,90,125,72,95,96,93,91,91,89,86,82
1333743010	87,84,56,197,87,91,94,93,94,95,93,92,92,93,91,92,95,95,93,91,89,87,83,83,80,79,82,79,81,86,85,92
1333743032	94,95,96,98,98,97,96,99,98,96,98,94,96,113,51,105,103,106,108,106,139,89,107,105,103,102,95,94,98,97,48,99
1333743052	99,102,102,101,101,99,101,98,97,97,97,97,98,98,99,99,100,96,96,94,87,86,87,86,111,73,91,92,96,95,100,102
1333743072	101,101,102,103,102,102,100,100,97,96,97,95,92,96,98,98,97,100,100,100,96,91,92,89,91,93,93,93,94,94,94,94
1333743092	97,95,95,97,99,101,98,94,93,84,80,78,79,85,85,86,91,94,93,93,85,81,84,82,82,95,88,88,89,93,93,96
1333743113	94,89,102,97,96,96,99,99,98,100,97,99,97,94,92,91,91,95,94,95,96,94,93,94,95,95,93,90,43,88,88,89
1333743134	90,90,89,89,93,94,93,95,96,95,95,97,95,93,94,94,91,89,89,86,84,85,86,86,87,89,87,86,87,85,85,87
1333743156	91,90,87,84,83,85,87,85,85,86,91,89,91,92,93,92,90,86,83,84,80,78,80,80,79,77,79,83,84,83,80,77
1333743178	76,77,81,85,87,88,88,89,92,94,91,85,78,75,75,79,83,85,85,86,87,89,89,87,86,86,85,87,89,87,85,79
1333743201	74,75,79,81,79,79,76,74,74,75,75,74,76,75,75,75,76,74,70,71,70,71,74,75,74,73,75,71,82,85,86,89
1333743226	89,89,84,80,82,80,79,81,79,79,80,81,84,89,87,86,87,84,80,75,75,75,73,75,78,78,77,79,82,81,83,87
1333743250	86,88,89,92,90,91,93,95,93,94,96,95,93,91,88,42,78,78,77,76,78,80,133,213,83,85,86,87,85,87,87,88
1333743272	89,88,86,85,85,85,85,85,88,90,91,92,93,93,92,92,91,92,92,150,229,90,90,90,89,88,87,88,84,95,91,91
1333743292	90,88,86,85,81,80,81,83,86,89,90,90,91,90,90,90,86,98,92,92,92,92,88,86,84,83,82,84,86,86,86,87
1333743314	88,88,87,87,86,78,83,75,73,71,69,71,71,72,74,76,76,75,79,80,80,78,79,76,74,74,74,73,74,75,79,80
1333743339	82,83,82,83,85,84,83,78,72,71,71,70,74,78,79,79,78,78,77,74,72,71,71,70,70,69,68,69,69,68,69,72
1333743365	72,73,75,76,77,84,83,84,83,85,85,84,85,81,84,87,80,76,74,78,75,79,83,80,84,85,87,89,88,90,91,89
1333743388	88,91,87,86,87,88,86,85,85,85,84,84,87,42,85,82,84,84,82,84,85,83,80,83,78,79,79,83,86,41,87,90
1333743412	88,86,39,41,81,81,86,79,89,83,85,88,86,86,87,89,88,86,86,41,41,40,42,87,89,88,93,96,89,85,82,127
1333743439	59,89,88,89,87,91,87,84,78,80,71,73,82,82,84,87,84,48,93,93,94,96,96,96,94,92,92,89,84,82,81,77
1333743462	75,78,80,80,83,85,86,43,87,91,88,90,92,91,93,88,89,89,88,87,87,89,86,85,89,89,90,90,81,99,88,81
1333743484	97,85,85,79,79,75,75,77,76,75,75,73,72,36,78,79,77,87,73,69,74,76,74,77,82,79,82,80,91,89,29,89
1333743511	41,75,76,80,81,80,75,75,79,83,82,83,84,88,87,89,88,45,41,44,78,85,90,84,85,85,84,82,87,84,89,88
1333743536	88,89,88,80,94,86,88,83,83,82,83,81,80,84,83,84,86,84,89,81,73,70,70,64,71,73,78,72,82,82,84,86
1333743560	87,85,87,87,84,80,80,75,76,82,80,84,84,88,91,89,91,93,93,92,89,87,90,86,89,89,89,89,90,89,89,89
1333743582	89,88,87,87,83,85,82,83,81,77,73,72,70,79,77,81,82,83,12,71,76,80,82,84,87,43,90,90,91,45,21,95
1333743613	84,85,88,86,84,80,77,78,82,40,86,86,85,89,87,87,85,88,82,82,82,84,83,85,89,45,90,91,91,90,90,91
1333743637	43,93,89,86,84,83,85,84,82,85,85,86,90,85,89,86,83,79,80,80,78,80,80,78,80,83,81,80,79,79,74,71
1333743661	72,68,67,66,78,78,81,84,87,86,88,90,92,91,91,89,88,86,85,87,86,86,87,89,87,79,74,74,77,76,81,82
1333743684	82,84,86,83,78,74,71,67,64,65,64,67,70,74,78,79,80,81,79,78,79,76,76,76,73,77,80,80,82,84,86,81
1333743709	76,74,71,66,66,72,72,77,81,83,89,80,94,90,85,82,83,81,80,78,79,75,74,72,74,70,68,68,68,66,68,72
1333743734	72,2,27,55,202,67,78,81,21,40,26,38,16,15,72,71,68,68,70,69,69,71,69,69,35,34,73,75,26,79,80,76
1333743804	12,72,73,76,81,80,78,77,75,38,76,26,78,81,82,83,77,71,66,65,66,71,71,73,73,38,76,38,24,74,75,39
1333743835	80,79,81,79,78,79,80,79,78,80,77,76,76,75,74,37,76,77,25,75,72,71,70,35,70,71,73,72,70,35,72,71
1333743865	71,72,69,70,72,72,72,71,75,75,74,72,73,35,73,71,69,71,73,5,77,12,75,76,77,79,79,78,76,75,75,72
1333743906	72,4,80,79,79,78,77,76,77,74,72,71,73,72,71,72,75,74,73,72,75,73,71,68,66,67,67,68,69,72,71,70
1333743946	69,69,66,65,67,69,72,76,77,77,78,80,78,74,69,66,67,69,68,69,73,73,74,76,76,74,73,74,74,72,74,71
1333743972	69,70,69,70,72,69,67,63,65,62,62,64,65,64,65,69,70,70,71,71,71,73,71,71,70,67,68,65,65,66,65,64
1333744000	66,68,68,70,69,74,74,12,85,125,103,119,62,72,10,2,78,74,73,50,199,52,25,160,16,65,63,66,66,34,74,77
1333744060	78,76,76,72,70,67,68,66,64,66,68,66,66,69,67,66,70,68,68,73,72,75,73,72,72,69,68,68,68,66,65,68
1333744087	65,65,68,67,67,68,66,65,65,69,67,67,67,67,67,70,67,66,67,66,65,67,66,66,65,67,67,71,70,73,71,69
1333744116	69,65,66,64,64,66,68,68,71,74,73,74,70,69,67,67,64,63,65,64,63,63,67,66,65,66,69,66,64,64,61,62
1333744144	65,66,72,74,78,78,81,80,79,80,83,81,78,75,74,74,72,74,73,73,73,73,73,71,69,68,65,63,67,65,67,69
1333744171	72,73,74,75,73,71,71,68,65,66,64,63,66,67,69,71,71,71,69,69,66,63,65,62,61,61,64,63,62,63,65,64
1333744199	63,63,63,62,61,62,65,64,66,66,65,66,63,61,65,62,63,65,65,66,64,65,64,63,66,67,71,70,71,71,68,66
1333744229	62,63,60,59,61,61,62,65,66,66,67,69,72,71,70,67,63,64,60,60,63,63,63,63,64,64,63,62,63,61,61,65
1333744258	68,77,69,73,98,160,170,200,167,194,136,90,98,53,71,71,75,76,75,77,78,78,77,70,69,71,72,74,75,76,100,134
1333744281	89,43,189,139,124,108,77,83,55,75,70,72,74,75,73,72,74,72,74,76,77,77,78,76,73,68,66,67,68,70,73,75
1333744306	77,36,86,61,71,71,69,71,73,73,74,75,73,73,71,69,68,93,83,66,107,88,67,46,94,126,142,150,72,68,67,64
1333744332	62,65,64,64,66,66,64,64,68,67,68,70,74,73,69,67,67,69,70,70,74,73,79,79,76,75,73,69,71,72,73,9
1333744377	4,2,71,70,72,73,72,72,74,117,55,76,76,77,77,76,73,72,73,72,73,74,73,73,75,73,73,72,74,72,76,79
1333744431	34,126,21,36,93,62,92,79,42,10,104,109,147,26,139,77,124,70,89,87,88,86,92,116,164,49,88,88,90,87,86,87
1333744463	88,86,85,88,120,107,151,81,78,76,92,63,74,78,80,81,82,84,81,80,77,78,60,96,79,71,91,75,71,102,79,83
1333744486	54,77,79,75,76,79,80,80,80,83,80,79,78,43,68,104,66,84,117,99,62,91,89,51,191,151,205,134,72,84,84,80
1333744510	100,71,68,79,77,78,80,90,106,93,60,52,58,79,78,71,70,36,78,82,87,87,87,64,70,64,87,84,80,80,84,84
1333744535	82,42,28,22,92,93,58,39,92,88,82,76,76,69,70,74,82,81,113,13,131,46,220,11,80,38,84,88,88,13,97,84
1333744576	84,82,81,82,79,82,81,81,79,79,78,114,56,73,73,75,77,81,80,80,77,75,77,76,75,77,78,76,77,77,75,75
1333744600	78,76,76,79,78,77,79,78,77,80,80,79,82,81,79,80,79,80,77,79,77,76,76,78,77,77,81,78,77,79,78,77
1333744625	76,78,76,76,79,111,64,82,82,82,82,83,82,83,83,81,53,176,169,151,120,80,67,81,86,62,53,88,87,86,88,84
1333744648	79,72,72,72,70,71,79,72,76,108,58,21,110,148,36,57,178,46,147,123,110,16,75,75,76,74,73,66,62,63,61,60
1333744679	62,89,52,68,66,69,68,65,60,60,62,65,64,67,69,66,64,67,66,70,69,70,79,70,77,80,102,70,81,79,77,76
1333744706	78,79,93,66,87,61,67,68,68,67,65,64,69,72,71,68,66,64,66,67,69,71,72,69,68,71,68,69,72,69,72,72
1333744734	69,70,69,69,70,68,67,70,68,67,69,73,72,74,76,74,72,70,71,67,65,67,65,66,67,66,66,69,69,67,65,67
1333744761	65,65,66,65,66,66,68,68,69,73,74,76,73,68,69,65,65,67,67,70,71,72,75,75,73,67,62,65,61,62,38,219
1333744789	80,94,106,151,60,75,75,75,77,72,68,67,64,61,64,63,63,65,68,67,67,69,67,64,69,65,64,66,63,63,66,67
1333744818	34,92,150,87,71,70,67,67,66,64,65,69,68,71,73,72,72,70,69,69,67,65,65,67,66,66,69,71,75,77,78,79
1333744844	77,73,68,70,69,67,70,70,69,74,74,77,75,75,76,74,72,73,70,69,68,71,72,76,77,80,80,79,87,65,36,23
1333744873	72,70,69,72,71,70,69,69,70,68,66,67,73,66,67,68,69,67,65,67,65,64,67,71,72,102,60,80,79,79,78,94
1333744900	69,99,11,70,70,71,71,68,71,70,68,65,63,65,64,62,62,65,64,64,69,71,73,74,69,70,67,66,65,68,67,67
1333744932	68,73,72,73,73,73,68,66,67,65,63,66,68,69,70,73,72,69,67,70,66,65,66,65,64,68,89,88,146,194,110,68
1333744958	63,61,60,61,97,64,67,96,119,69,67,63,60,62,63,64,68,67,65,62,65,61,59,63,63,67,67,67,69,68,65,64
1333744987	64,61,61,64,63,64,70,69,72,72,70,67,68,64,62,64,62,61,64,65,64,69,67,66,71,71,73,75,73,73,70,67
1333745016	66,65,63,66,67,67,68,69,70,71,72,71,70,69,68,68,67,67,67,66,68,66,65,66,66,65,69,67,65,63,66,65
1333745044	66,68,67,66,67,65,62,64,65,66,66,72,71,75,73,75,72,68,69,72,73,71,69,69,68,66,66,63,63,64,68,68
1333745072	71,72,72,70,69,69,69,70,72,69,68,66,68,70,69,70,71,75,73,71,68,67,71,72,69,68,68,67,66,68,72,74
1333745099	70,63,58,59,59,60,61,63,67,67,67,68,65,63,64,65,64,68,68,67,66,68,68,68,71,71,69,69,7,67,65,33
1333745136	66,65,65,66,67,68,33,65,65,62,59,58,59,63,63,63,33,66,69,66,63,32,66,65,63,65,65,68,68,68,70,75
1333745168	75,75,74,69,68,66,63,62,64,65,64,63,67,65,63,67,66,68,71,68,69,67,64,65,67,32,63,63,66,65,63,63
1333745198	64,62,61,65,63,61,62,63,60,59,62,61,62,64,64,69,72,74,75,76,76,74,73,75,75,73,71,72,72,71,70,70
1333745226	71,69,71,71,70,70,71,71,71,73,72,71,70,71,69,69,67,68,68,68,68,68,71,71,69,70,69,67,63,65,65,64
1333745254	64,69,72,71,72,73,71,36,72,70,73,73,74,75,77,78,79,77,39,77,78,80,81,81,82,86,84,41,79,76,74,75
1333745281	77,77,77,78,81,82,85,85,84,82,81,80,81,81,81,82,84,83,81,78,72,70,66,65,70,70,72,75,76,76,76,75
1333745306	74,77,76,76,77,73,71,71,71,70,69,69,66,65,63,66,65,63,64,61,59,60,63,63,63,67,69,68,67,68,66,64
1333745334	67,63,62,63,64,62,61,63,63,62,60,64,62,61,60,60,57,56,58,57,58,61,63,62,64,66,63,60,62,59,58,60
1333745366	58,58,58,62,61,61,62,66,64,63,65,65,62,61,65,62,62,67,69,72,70,70,69,88,147,110,150,202,156,64,67,67
1333745392	66,64,66,63,61,60,63,61,59,60,64,64,64,68,68,66,66,68,69,70,68,69,67,64,63,65,63,62,64,67,67,66
1333745422	69,72,74,74,69,66,61,60,58,59,60,62,61,61,61,61,60,60,59,58,57,59,57,56,57,57,61,60,59,62,61,59
1333745453	62,63,66,66,69,70,71,73,76,80,78,79,79,77,74,71,71,68,65,65,63,61,60,60,60,65,64,67,66,63,60,58
1333745481	60,59,57,57,60,58,57,60,58,57,57,61,59,61,62,67,67,66,66,65,62,60,63,61,61,61,63,61,61,60,61,60
1333745513	58,58,61,59,58,60,60,59,59,62,60,60,63,60,59,62,63,61,60,62,60,60,61,62,60,60,63,62,62,61,63,60
1333745544	60,62,60,60,62,64,66,67,67,67,67,64,61,63,63,63,64,69,70,74,73,71,71,65,61,62,63,66,66,65,66,66
1333745573	62,61,61,65,82,83,103,142,198,225,119,70,71,69,69,72,72,76,75,75,73,71,72,72,75,77,77,80,81,82,83,81
1333745597	78,74,70,69,67,71,72,72,71,73,76,75,75,70,65,67,64,61,64,65,62,61,65,63,62,63,63,60,60,63,61,58
1333745626	59,59,57,60,60,62,67,68,69,69,71,69,65,63,62,59,60,62,63,67,66,63,63,66,67,68,62,62,59,58,63,67
1333745656	68,68,68,69,71,71,70,68,66,65,62,60,63,61,59,59,61,63,61,60,64,62,60,61,61,60,59,62,59,58,59,63
1333745687	65,66,61,61,60,56,56,58,60,58,59,61,58,57,59,58,60,64,65,70,70,69,72,73,70,71,66,61,58,55,55,58
1333745718	57,58,58,59,59,60,60,60,60,56,54,54,58,58,62,66,67,70,71,73,75,76,75,71,69,66,69,70,71,72,73,71
1333745747	73,73,71,67,66,67,65,65,68,69,72,75,75,77,77,72,69,33,70,70,72,73,76,78,78,80,83,81,83,84,83,80
1333745774	76,75,77,75,75,72,72,73,76,75,76,75,72,67,66,68,64,64,65,65,65,68,66,67,69,65,64,65,66,63,63,66
1333745802	64,63,64,66,63,62,64,63,63,66,68,67,69,74,70,71,71,71,68,69,71,70,71,73,74,73,73,73,68,66,66,66
1333745830	65,68,68,68,69,71,70,69,70,69,69,68,69,67,66,66,65,67,65,65,64,65,62,59,60,59,59,63,65,65,67,64
1333745859	63,62,60,57,57,60,64,65,65,68,67,68,68,65,64,61,60,60,62,61,60,60,63,61,61,61,62,62,65,68,68,69
1333745889	71,71,71,72,70,68,67,66,63,66,65,66,66,66,67,68,68,69,69,71,73,71,68,67,63,66,65,62,62,61,58,58
1333745918	61,59,60,67,70,71,74,72,73,75,77,75,65,57,61,62,64,66,67,71,74,76,78,76,72,65,62,61,61,61,65,63
1333745946	64,63,63,64,60,58,60,61,60,60,63,61,58,61,60,58,57,60,60,61,66,65,65,65,62,59,62,60,59,61,62,61
1333745978	61,65,65,69,70,72,74,77,77,78,79,77,75,75,74,73,71,69,70,68,68,68,71,68,66,65,68,68,69,72,73,73
1333746004	71,69,69,69,66,65,67,65,65,68,66,64,62,65,63,60,59,62,60,60,60,62,60,59,63,64,65,68,69,69,67,64
1333746034	68,71,70,72,74,75,71,68,65,65,64,63,66,65,64,63,64,65,63,61,65,64,66,67,70,69,65,66,62,60,60,62
1333746063	60,58,59,60,58,58,60,60,59,58,60,59,60,62,63,62,61,62,59,58,58,62,60,60,60,64,64,67,70,71,73,74
1333746094	74,73,70,65,66,64,62,62,63,62,61,63,63,61,62,64,68,68,70,71,72,75,75,79,81,77,82,80,80,81,82,82
1333746121	83,84,85,86,84,82,77,73,71,72,68,67,68,69,76,74,78,82,78,77,75,72,69,69,68,72,74,77,80,82,83,85
1333746146	85,85,86,87,86,84,83,81,79,76,77,79,72,70,71,68,66,68,71,71,69,72,73,71,71,71,71,71,72,74,73,73
1333746172	69,69,68,73,70,66,69,72,72,75,75,76,77,75,74,74,75,72,72,72,68,64,64,62,59,58,61,58,58,59,60,58
1333746201	57,61,58,57,60,59,58,62,58,57,60,57,55,57,55,55,59,58,58,57,61,58,56,58,57,55,54,56,55,56,57,59
1333746234	58,59,62,63,68,69,69,71,68,66,61,61,58,58,60,59,60,64,66,69,70,68,66,62,59,60,56,56,59,58,58,63
1333746264	62,61,63,61,59,60,61,61,63,62,60,60,63,61,61,62,58,57,60,59,59,62,61,59,60,63,60,59,61,59,59,63
1333746296	61,61,63,62,60,62,59,58,63,66,68,69,68,67,66,66,65,64,67,67,67,66,67,64,61,60,61,98,53,63,62,62
1333746325	63,60,58,59,59,58,59,61,60,60,62,62,65,64,64,65,64,61,60,61,60,59,59,62,59,59,61,58,58,60,59,59
1333746357	63,63,64,67,65,62,61,62,60,60,61,60,60,64,61,60,60,61,59,59,60,57,57,59,57,57,59,62,67,67,67,68
1333746388	66,68,64,64,62,59,62,60,59,60,63,62,61,61,59,57,59,57,55,56,57,55,55,55,58,61,57,57,60,59,60,61
1333746420	58,56,58,56,56,57,59,61,64,68,70,72,73,75,75,73,70,69,65,63,62,66,64,64,64,66,64,63,65,64,61,62
1333746450	62,59,60,63,63,63,65,63,65,64,60,58,60,58,56,59,60,59,60,63,61,60,62,60,58,60,61,59,58,62,61,62
1333746481	65,67,68,70,71,69,67,71,74,121,50,69,66,69,66,64,61,61,63,62,61,60,60,60,58,56,55,54,57,56,56,59
1333746511	59,58,57,59,57,56,58,54,58,63,64,61,65,62,57,54,56,54,54,57,63,65,63,60,57,56,53,52,53,56,56,63
1333746544	67,68,67,63,60,59,56,56,57,57,58,60,59,60,59,61,59,61,58,58,59,64,63,63,64,64,67,66,66,66,68,66
1333746575	65,69,68,69,68,70,71,75,75,77,80,80,81,80,82,81,78,77,77,76,78,79,79,77,78,40,83,84,84,83,82,80
1333746600	78,76,74,71,71,69,66,66,67,64,63,66,66,65,68,69,69,70,73,75,77,79,76,72,71,69,70,71,74,95,64,91
1333746627	73,83,83,86,44,90,93,93,94,96,97,95,92,87,82,81,77,85,37,72,72,75,78,81,83,84,87,88,89,85,76,68
1333746652	66,66,70,71,71,73,77,83,85,43,90,89,108,75,87,43,88,90,90,91,93,86,43,84,85,86,88,87,89,88,88,88
1333746677	89,87,86,85,84,81,78,77,74,74,45,207,39,76,78,82,106,169,107,32,220,231,123,100,66,83,41,87,86,80,73,69
1333746701	67,68,36,178,140,50,61,78,76,53,114,74,55,203,84,112,169,108,105,61,49,213,188,225,28,13,57,67,25,178,36,26
1333746734	84,84,28,82,81,80,84,97,46,15,71,71,72,73,46,107,129,76,78,76,77,80,80,84,88,90,26,78,76,78,82,82
1333746764	82,82,84,82,81,79,79,77,74,72,69,70,69,67,69,71,70,73,78,77,79,84,82,82,81,82,81,78,75,80,67,70
1333746789	69,73,72,72,73,75,74,71,70,70,66,63,64,66,65,67,70,69,66,64,68,65,62,61,68,72,39,87,45,92,46,91
1333746818	91,89,88,89,87,86,85,86,85,85,91,88,87,87,85,84,82,81,80,85,87,87,87,88,87,85,83,81,83,42,43,88
1333746842	86,86,88,83,81,76,75,71,75,73,76,79,82,43,91,93,95,96,94,93,92,89,81,74,77,73,75,79,81,81,84,84
1333746865	87,80,83,86,84,136,215,86,82,81,83,82,81,83,80,78,75,38,77,81,81,82,83,87,86,88,90,92,93,92,93,92
1333746888	88,85,91,94,89,83,76,75,75,78,84,86,86,88,82,80,74,69,73,74,72,76,78,78,90,71,83,82,80,79,77,20
1333746916	29,91,90,92,93,91,91,87,82,76,37,173,50,81,86,106,169,135,90,90,105,39,77,78,78,76,36,39,58,54,137,68
1333746941	95,96,96,99,49,101,102,104,104,105,105,53,36,109,110,55,73,76,114,113,56,113,115,114,115,115,115,116,117,117,118,118
1333746963	85,73,119,118,117,117,116,114,112,110,110,108,104,101,99,100,100,100,102,105,104,105,106,108,109,109,110,109,111,111,111,111
1333746981	110,109,108,108,109,109,107,104,103,103,103,103,102,103,102,101,101,103,105,173,127,160,98,103,62,66,70,17,226,19,155,126
1333747004	169,36,22,24,62,43,206,97,16,229,110,103,92,57,90,133,9,16,43,82,81,80,76,75,78,75,74,78,78,76,75,79
1333747045	80,78,79,86,82,81,82,85,85,84,87,88,91,91,47,48,33,60,84,54,112,56,115,116,39,119,121,121,123,125,41,42
1333747071	65,43,133,133,132,66,66,67,44,135,136,136,136,136,138,68,68,67,64,60,55,105,105,107,109,112,113,112,112,114,114,114
1333747093	115,115,116,116,117,117,117,117,117,117,118,118,118,118,117,119,118,120,118,118,118,118,118,117,118,118,118,118,117,117,116,116
1333747110	58,115,115,116,116,116,116,114,113,112,113,111,111,112,111,112,112,112,111,111,111,109,108,109,109,109,108,106,106,107,107,108
1333747127	108,109,112,112,112,113,114,115,115,115,112,110,108,106,104,99,96,99,100,103,105,107,45,174,76,69,77,109,85,110,162,168
1333747146	81,101,69,109,108,107,107,106,105,104,105,104,105,104,105,105,106,107,108,108,109,108,108,108,108,108,107,108,108,110,108,111
1333747164	111,55,110,107,105,101,98,92,44,91,91,87,91,89,87,89,93,95,31,97,98,98,95,92,90,91,65,26,99,103,105,108
1333747188	109,109,118,97,101,31,88,20,84,88,87,89,93,92,93,93,17,71,79,82,85,45,95,94,95,95,97,95,97,97,48,98
1333747217	48,93,46,89,87,88,87,87,87,88,87,44,44,92,92,83,82,88,89,30,90,92,46,92,95,97,95,48,94,90,85,81
1333747243	75,72,75,76,76,76,80,82,42,9,11,68,70,69,67,68,33,74,74,78,84,84,86,88,89,89,89,89,89,87,85,84
1333747279	85,84,83,82,82,81,80,83,82,42,90,87,46,47,96,97,97,95,96,97,96,100,114,153,96,36,92,94,92,46,92,92
1333747303	92,95,93,93,95,95,101,87,47,94,95,91,94,95,94,94,96,97,95,96,95,94,93,93,93,92,136,71,95,137,116,64
1333747324	97,97,99,97,98,98,97,49,133,77,51,88,31,94,90,90,91,93,93,93,95,96,98,97,98,98,98,99,94,92,90,16
1333747350	48,97,96,60,70,95,94,93,45,91,91,91,93,93,92,92,91,99,44,117,107,69,93,95,123,109,71,96,49,98,98,97
1333747373	97,95,95,10,94,98,97,101,102,130,81,104,51,35,52,108,124,95,109,106,98,95,99,94,93,94,96,95,96,100,98,99
1333747399	101,103,103,51,102,102,101,50,33,107,118,78,97,99,92,98,142,198,185,212,103,141,99,100,145,108,96,93,43,99,96,130
1333747420	75,96,94,93,91,30,37,84,95,11,93,91,88,86,83,84,87,89,91,94,96,96,96,92,89,88,83,80,80,82,84,87
1333747448	91,91,92,93,95,93,90,88,85,84,83,84,84,86,88,89,87,89,91,90,80,73,76,80,80,82,83,88,88,88,89,126
1333747470	73,90,43,86,82,82,134,60,89,40,86,83,28,44,85,84,87,85,85,82,81,82,80,41,78,41,85,115,71,89,90,93
1333747498	94,94,94,97,139,72,95,95,94,90,112,77,56,82,70,93,91,46,30,90,90,43,84,84,82,82,21,83,113,68,59,66
1333747525	78,89,91,89,86,85,82,83,84,83,84,86,87,86,86,88,87,118,69,85,85,43,86,87,29,90,44,89,84,110,70,84
1333747550	83,82,84,85,84,84,84,83,84,86,87,87,89,88,88,85,41,80,77,78,81,81,82,84,85,84,83,84,42,85,85,84
1333747574	83,82,84,85,84,85,84,85,85,84,85,88,86,86,89,88,87,90,43,87,128,26,92,30,89,92,91,90,91,91,90,29
1333747602	42,82,84,87,87,87,45,115,41,195,177,93,91,22,44,89,88,90,90,90,89,90,90,90,91,91,90,90,91,90,89,90
1333747626	89,88,88,88,88,88,90,90,90,90,91,90,89,88,87,87,89,89,92,92,93,93,93,92,92,93,92,92,92,91,30,93
